{"cameraMode":{"drawMode":2,"name":"Shaded Wireframe","section":"Shading Mode"},"sceneLighting":true,"audioPlay":false,"sceneViewState":{"showFog":true,"showMaterialUpdate":false,"showSkybox":true,"showFlares":true,"showImageEffects":true,"showParticleSystems":true},"in2DMode":false,"pivot":{"x":-0.8434123992919922,"y":1.3139801025390626,"z":-8.322498321533204},"rotation":{"x":-0.05094756931066513,"y":0.6888694167137146,"z":-0.048644620925188068,"w":-0.7214547991752625},"size":37.153907775878909,"orthographic":false}