{"cameraMode":{"drawMode":2,"name":"Shaded Wireframe","section":"Shading Mode"},"sceneLighting":true,"audioPlay":false,"sceneViewState":{"showFog":true,"showMaterialUpdate":false,"showSkybox":true,"showFlares":true,"showImageEffects":true,"showParticleSystems":true},"in2DMode":false,"pivot":{"x":12.847875595092774,"y":4.868167877197266,"z":-17.743621826171876},"rotation":{"x":-0.007842988707125187,"y":0.9874088764190674,"z":-0.14923225343227387,"w":-0.051884766668081287},"size":12.91499137878418,"orthographic":false}