{"cameraMode":{"drawMode":2,"name":"Shaded Wireframe","section":"Shading Mode"},"sceneLighting":true,"audioPlay":false,"sceneViewState":{"showFog":true,"showMaterialUpdate":false,"showSkybox":true,"showFlares":true,"showImageEffects":true,"showParticleSystems":true},"in2DMode":false,"pivot":{"x":18.604801177978517,"y":-0.3286868631839752,"z":-16.73369598388672},"rotation":{"x":-0.007842988707125187,"y":0.9874088764190674,"z":-0.14923225343227387,"w":-0.051884766668081287},"size":15.288825035095215,"orthographic":false}